ID;Keypad;RT;Accuracy
2/5/2023 2:55:47 PM;1x10;4.155746;4
2/5/2023 2:55:47 PM;3x3+1;3.736862;4
2/5/2023 2:55:47 PM;5x2;3.957073;4
